年份,月份,行業別大類,行業別中類,行業別小類,售電量
2021,1,C.製造業,26 電子零組件製造業,261 半導體製造業,2358479320
2021,2,C.製造業,26 電子零組件製造業,261 半導體製造業,2313823450
2021,3,C.製造業,26 電子零組件製造業,261 半導體製造業,2605610618
2021,4,C.製造業,26 電子零組件製造業,261 半導體製造業,2564832728
2021,5,C.製造業,26 電子零組件製造業,261 半導體製造業,2825799886
2021,6,C.製造業,26 電子零組件製造業,261 半導體製造業,2802878957
2021,7,C.製造業,26 電子零組件製造業,261 半導體製造業,2961729787
2021,8,C.製造業,26 電子零組件製造業,261 半導體製造業,2958870375
2021,9,C.製造業,26 電子零組件製造業,261 半導體製造業,2894096706
2021,10,C.製造業,26 電子零組件製造業,261 半導體製造業,2952096845
2021,11,C.製造業,26 電子零組件製造業,261 半導體製造業,2758887489
2021,12,C.製造業,26 電子零組件製造業,261 半導體製造業,2808921762
2021,1,J.出版、影音製作、傳播及資通訊服務業,63 資訊服務業,631 入口網站經營、資料處理、主機及網站代管服務業,52665129
2021,2,J.出版、影音製作、傳播及資通訊服務業,63 資訊服務業,631 入口網站經營、資料處理、主機及網站代管服務業,50276375
2021,3,J.出版、影音製作、傳播及資通訊服務業,63 資訊服務業,631 入口網站經營、資料處理、主機及網站代管服務業,55091243
2021,4,J.出版、影音製作、傳播及資通訊服務業,63 資訊服務業,631 入口網站經營、資料處理、主機及網站代管服務業,55840024
2021,5,J.出版、影音製作、傳播及資通訊服務業,63 資訊服務業,631 入口網站經營、資料處理、主機及網站代管服務業,61356797
2021,6,J.出版、影音製作、傳播及資通訊服務業,63 資訊服務業,631 入口網站經營、資料處理、主機及網站代管服務業,59691262
2021,7,J.出版、影音製作、傳播及資通訊服務業,63 資訊服務業,631 入口網站經營、資料處理、主機及網站代管服務業,64740704
2021,8,J.出版、影音製作、傳播及資通訊服務業,63 資訊服務業,631 入口網站經營、資料處理、主機及網站代管服務業,66425946
2021,9,J.出版、影音製作、傳播及資通訊服務業,63 資訊服務業,631 入口網站經營、資料處理、主機及網站代管服務業,65646079
2021,10,J.出版、影音製作、傳播及資通訊服務業,63 資訊服務業,631 入口網站經營、資料處理、主機及網站代管服務業,68213149
2021,11,J.出版、影音製作、傳播及資通訊服務業,63 資訊服務業,631 入口網站經營、資料處理、主機及網站代管服務業,65224747
2021,12,J.出版、影音製作、傳播及資通訊服務業,63 資訊服務業,631 入口網站經營、資料處理、主機及網站代管服務業,66029365
2022,1,C.製造業,26 電子零組件製造業,261 半導體製造業,2766661526
2022,2,C.製造業,26 電子零組件製造業,261 半導體製造業,2568590024
2022,3,C.製造業,26 電子零組件製造業,261 半導體製造業,2868560189
2022,4,C.製造業,26 電子零組件製造業,261 半導體製造業,2934556036
2022,5,C.製造業,26 電子零組件製造業,261 半導體製造業,3138202580
2022,6,C.製造業,26 電子零組件製造業,261 半導體製造業,3187190713
2022,7,C.製造業,26 電子零組件製造業,261 半導體製造業,3295784558
2022,8,C.製造業,26 電子零組件製造業,261 半導體製造業,3351984351
2022,9,C.製造業,26 電子零組件製造業,261 半導體製造業,3137312242
2022,10,C.製造業,26 電子零組件製造業,261 半導體製造業,3125506983
2022,11,C.製造業,26 電子零組件製造業,261 半導體製造業,3050498190
2022,12,C.製造業,26 電子零組件製造業,261 半導體製造業,2932175190
2022,1,J.出版、影音製作、傳播及資通訊服務業,63 資訊服務業,631 入口網站經營、資料處理、主機及網站代管服務業,66230348
2022,2,J.出版、影音製作、傳播及資通訊服務業,63 資訊服務業,631 入口網站經營、資料處理、主機及網站代管服務業,60439655
2022,3,J.出版、影音製作、傳播及資通訊服務業,63 資訊服務業,631 入口網站經營、資料處理、主機及網站代管服務業,68685265
2022,4,J.出版、影音製作、傳播及資通訊服務業,63 資訊服務業,631 入口網站經營、資料處理、主機及網站代管服務業,67802630
2022,5,J.出版、影音製作、傳播及資通訊服務業,63 資訊服務業,631 入口網站經營、資料處理、主機及網站代管服務業,71474055
2022,6,J.出版、影音製作、傳播及資通訊服務業,63 資訊服務業,631 入口網站經營、資料處理、主機及網站代管服務業,70117551
2022,7,J.出版、影音製作、傳播及資通訊服務業,63 資訊服務業,631 入口網站經營、資料處理、主機及網站代管服務業,71389781
2022,8,J.出版、影音製作、傳播及資通訊服務業,63 資訊服務業,631 入口網站經營、資料處理、主機及網站代管服務業,72544928
2022,9,J.出版、影音製作、傳播及資通訊服務業,63 資訊服務業,631 入口網站經營、資料處理、主機及網站代管服務業,69777524
2022,10,J.出版、影音製作、傳播及資通訊服務業,63 資訊服務業,631 入口網站經營、資料處理、主機及網站代管服務業,71617007
2022,11,J.出版、影音製作、傳播及資通訊服務業,63 資訊服務業,631 入口網站經營、資料處理、主機及網站代管服務業,69323977
2022,12,J.出版、影音製作、傳播及資通訊服務業,63 資訊服務業,631 入口網站經營、資料處理、主機及網站代管服務業,70303602
2023,1,C.製造業,26 電子零組件製造業,261 半導體製造業,2954640725
2023,2,C.製造業,26 電子零組件製造業,261 半導體製造業,2580121376
2023,3,C.製造業,26 電子零組件製造業,261 半導體製造業,3011468783
2023,4,C.製造業,26 電子零組件製造業,261 半導體製造業,3045794707
2023,5,C.製造業,26 電子零組件製造業,261 半導體製造業,3241617186
2023,6,C.製造業,26 電子零組件製造業,261 半導體製造業,3272132087
2023,7,C.製造業,26 電子零組件製造業,261 半導體製造業,3464850276
2023,8,C.製造業,26 電子零組件製造業,261 半導體製造業,3448820929
2023,9,C.製造業,26 電子零組件製造業,261 半導體製造業,3328097256
2023,10,C.製造業,26 電子零組件製造業,261 半導體製造業,3388101925
2023,11,C.製造業,26 電子零組件製造業,261 半導體製造業,3077877722
2023,12,C.製造業,26 電子零組件製造業,261 半導體製造業,3184775771
2023,1,J.出版、影音製作、傳播及資通訊服務業,63 資訊服務業,631 入口網站經營、資料處理、主機及網站代管服務業,69825134
2023,2,J.出版、影音製作、傳播及資通訊服務業,63 資訊服務業,631 入口網站經營、資料處理、主機及網站代管服務業,64021569
2023,3,J.出版、影音製作、傳播及資通訊服務業,63 資訊服務業,631 入口網站經營、資料處理、主機及網站代管服務業,72587567
2023,4,J.出版、影音製作、傳播及資通訊服務業,63 資訊服務業,631 入口網站經營、資料處理、主機及網站代管服務業,69873302
2023,5,J.出版、影音製作、傳播及資通訊服務業,63 資訊服務業,631 入口網站經營、資料處理、主機及網站代管服務業,73943721
2023,6,J.出版、影音製作、傳播及資通訊服務業,63 資訊服務業,631 入口網站經營、資料處理、主機及網站代管服務業,73128714
2023,7,J.出版、影音製作、傳播及資通訊服務業,63 資訊服務業,631 入口網站經營、資料處理、主機及網站代管服務業,76547580
2023,8,J.出版、影音製作、傳播及資通訊服務業,63 資訊服務業,631 入口網站經營、資料處理、主機及網站代管服務業,77901913
2023,9,J.出版、影音製作、傳播及資通訊服務業,63 資訊服務業,631 入口網站經營、資料處理、主機及網站代管服務業,76910840
2023,10,J.出版、影音製作、傳播及資通訊服務業,63 資訊服務業,631 入口網站經營、資料處理、主機及網站代管服務業,77214653
2023,11,J.出版、影音製作、傳播及資通訊服務業,63 資訊服務業,631 入口網站經營、資料處理、主機及網站代管服務業,73692558
2023,12,J.出版、影音製作、傳播及資通訊服務業,63 資訊服務業,631 入口網站經營、資料處理、主機及網站代管服務業,75861585
2024,1,C.製造業,26 電子零組件製造業,261 半導體製造業,3114370257
2024,2,C.製造業,26 電子零組件製造業,261 半導體製造業,2943485206
2024,3,C.製造業,26 電子零組件製造業,261 半導體製造業,3164009190
2024,4,C.製造業,26 電子零組件製造業,261 半導體製造業,3223710508
2024,5,C.製造業,26 電子零組件製造業,261 半導體製造業,3460388608
2024,6,C.製造業,26 電子零組件製造業,261 半導體製造業,3461869740
2024,7,C.製造業,26 電子零組件製造業,261 半導體製造業,3572704239
2024,8,C.製造業,26 電子零組件製造業,261 半導體製造業,3647843106
2024,9,C.製造業,26 電子零組件製造業,261 半導體製造業,3549601036
2024,10,C.製造業,26 電子零組件製造業,261 半導體製造業,3509505147
2024,11,C.製造業,26 電子零組件製造業,261 半導體製造業,3328024312
2024,12,C.製造業,26 電子零組件製造業,261 半導體製造業,3237362029
2024,1,J.出版、影音製作、傳播及資通訊服務業,63 資訊服務業,631 入口網站經營、資料處理、主機及網站代管服務業,75805309
2024,2,J.出版、影音製作、傳播及資通訊服務業,63 資訊服務業,631 入口網站經營、資料處理、主機及網站代管服務業,70677308
2024,3,J.出版、影音製作、傳播及資通訊服務業,63 資訊服務業,631 入口網站經營、資料處理、主機及網站代管服務業,80602767
2024,4,J.出版、影音製作、傳播及資通訊服務業,63 資訊服務業,631 入口網站經營、資料處理、主機及網站代管服務業,84225992
2024,5,J.出版、影音製作、傳播及資通訊服務業,63 資訊服務業,631 入口網站經營、資料處理、主機及網站代管服務業,90308880
2024,6,J.出版、影音製作、傳播及資通訊服務業,63 資訊服務業,631 入口網站經營、資料處理、主機及網站代管服務業,90852353
2024,7,J.出版、影音製作、傳播及資通訊服務業,63 資訊服務業,631 入口網站經營、資料處理、主機及網站代管服務業,98555642
2024,8,J.出版、影音製作、傳播及資通訊服務業,63 資訊服務業,631 入口網站經營、資料處理、主機及網站代管服務業,104458974
2024,9,J.出版、影音製作、傳播及資通訊服務業,63 資訊服務業,631 入口網站經營、資料處理、主機及網站代管服務業,107525696
2024,10,J.出版、影音製作、傳播及資通訊服務業,63 資訊服務業,631 入口網站經營、資料處理、主機及網站代管服務業,110762710
2024,11,J.出版、影音製作、傳播及資通訊服務業,63 資訊服務業,631 入口網站經營、資料處理、主機及網站代管服務業,106618853
2024,12,J.出版、影音製作、傳播及資通訊服務業,63 資訊服務業,631 入口網站經營、資料處理、主機及網站代管服務業,113113859
2025,1,C.製造業,26 電子零組件製造業,261 半導體製造業,3169523979
2025,2,C.製造業,26 電子零組件製造業,261 半導體製造業,2993981318
2025,3,C.製造業,26 電子零組件製造業,261 半導體製造業,3462964695
2025,4,C.製造業,26 電子零組件製造業,261 半導體製造業,3454948429
2025,5,C.製造業,26 電子零組件製造業,261 半導體製造業,3813163392
2025,6,C.製造業,26 電子零組件製造業,261 半導體製造業,3778546844
2025,7,C.製造業,26 電子零組件製造業,261 半導體製造業,3965448122
2025,8,C.製造業,26 電子零組件製造業,261 半導體製造業,3994981207
2025,9,C.製造業,26 電子零組件製造業,261 半導體製造業,3849498860
2025,10,C.製造業,26 電子零組件製造業,261 半導體製造業,3996434562
2025,11,C.製造業,26 電子零組件製造業,261 半導體製造業,3577744601
2025,12,C.製造業,26 電子零組件製造業,261 半導體製造業,2326904118
2025,1,J.出版、影音製作、傳播及資通訊服務業,63 資訊服務業,631 入口網站經營、資料處理、主機及網站代管服務業,110638090
2025,2,J.出版、影音製作、傳播及資通訊服務業,63 資訊服務業,631 入口網站經營、資料處理、主機及網站代管服務業,101993391
2025,3,J.出版、影音製作、傳播及資通訊服務業,63 資訊服務業,631 入口網站經營、資料處理、主機及網站代管服務業,115938124
2025,4,J.出版、影音製作、傳播及資通訊服務業,63 資訊服務業,631 入口網站經營、資料處理、主機及網站代管服務業,116074452
2025,5,J.出版、影音製作、傳播及資通訊服務業,63 資訊服務業,631 入口網站經營、資料處理、主機及網站代管服務業,123011233
2025,6,J.出版、影音製作、傳播及資通訊服務業,63 資訊服務業,631 入口網站經營、資料處理、主機及網站代管服務業,123732082
2025,7,J.出版、影音製作、傳播及資通訊服務業,63 資訊服務業,631 入口網站經營、資料處理、主機及網站代管服務業,132755686
2025,8,J.出版、影音製作、傳播及資通訊服務業,63 資訊服務業,631 入口網站經營、資料處理、主機及網站代管服務業,136390253
2025,9,J.出版、影音製作、傳播及資通訊服務業,63 資訊服務業,631 入口網站經營、資料處理、主機及網站代管服務業,134659060
2025,10,J.出版、影音製作、傳播及資通訊服務業,63 資訊服務業,631 入口網站經營、資料處理、主機及網站代管服務業,140076304
2025,11,J.出版、影音製作、傳播及資通訊服務業,63 資訊服務業,631 入口網站經營、資料處理、主機及網站代管服務業,131534326
2025,12,J.出版、影音製作、傳播及資通訊服務業,63 資訊服務業,631 入口網站經營、資料處理、主機及網站代管服務業,133366205
