年月,電力消費_總計(數值),預測電力消費,預測誤差
202401,21955.41379966,21114.368215782066,841.0455838779344
202402,19840.81005604,20540.566073158596,-699.7560171185942
202403,21967.97064706,21856.46549635211,111.5051507078897
202404,21946.73901328,21185.787254548053,760.951758731946
202405,24136.63589712,22433.74228927672,1702.893607843278
202406,23840.44894323,23598.72084731053,241.72809591946861
202407,25677.58197962,25340.14896491934,337.43301470066217
202408,26712.89476544,25728.764221045596,984.1305443944038
202409,27003.64528883,25628.056180580083,1375.5891082499184
202410,25029.51911396,25217.68268780444,-188.163573844442
202411,23827.71575436,23466.114410358285,361.6013440017159
202412,21913.7655003,22430.103384562553,-516.3378842625534
202501,20735.96359578,21944.729764226686,-1208.7661684466875
202502,19779.10461916,21007.76377617616,-1228.6591570161618
202503,21845.05113055,22424.816992489017,-579.7658619390168
202504,21666.71681488,22525.941014211177,-859.2241993311764
202505,23503.02855503,24234.488656116257,-731.460101086257
202506,24023.52326355,23885.829643498833,137.69362005116636
202507,25720.56455075,25449.78557003072,270.7789807192821
202508,26264.98156907,25730.79144736335,534.1901217066516
202509,26130.00167914,25698.527084678382,431.47459446161884
202510,26428.81945874,25274.527838542286,1154.2916201977132
202511,24457.09769348,23745.786068147223,711.3116253327753
202512,22453.72488067,22640.583226383427,-186.8583457134264
