日期(年/月),電力消費,電力消費分類,年月
201601,2205.184872,化學材料及肥料製造業,201601
201601,1344.424662,基本金屬製造業,201601
201601,404.147777,塑膠製品製造業,201601
201601,266.170335,紙漿紙及紙製品製造業,201601
201601,416.30122,紡織成衣及服飾品製造業,201601
201601,562.443147,金屬製品製造業,201601
201601,3613.803038,電子產品及電力設備製造業,201601
201601,439.658289,非金屬礦物製品製造業,201601
201602,2058.517429,化學材料及肥料製造業,201602
201602,1186.24139,基本金屬製造業,201602
201602,319.29388,塑膠製品製造業,201602
201602,223.450891,紙漿紙及紙製品製造業,201602
201602,332.627,紡織成衣及服飾品製造業,201602
201602,442.05356,金屬製品製造業,201602
201602,3242.9293,電子產品及電力設備製造業,201602
201602,362.527933,非金屬礦物製品製造業,201602
201603,2258.249709,化學材料及肥料製造業,201603
201603,1379.927058,基本金屬製造業,201603
201603,418.503276,塑膠製品製造業,201603
201603,281.521501,紙漿紙及紙製品製造業,201603
201603,437.534241,紡織成衣及服飾品製造業,201603
201603,586.25032,金屬製品製造業,201603
201603,3726.041585,電子產品及電力設備製造業,201603
201603,440.963579,非金屬礦物製品製造業,201603
201604,2194.547668,化學材料及肥料製造業,201604
201604,1347.032625,基本金屬製造業,201604
201604,412.282512,塑膠製品製造業,201604
201604,269.260849,紙漿紙及紙製品製造業,201604
201604,427.089059,紡織成衣及服飾品製造業,201604
201604,576.86313,金屬製品製造業,201604
201604,3863.908582,電子產品及電力設備製造業,201604
201604,434.20538,非金屬礦物製品製造業,201604
201605,2313.545833,化學材料及肥料製造業,201605
201605,1445.00269,基本金屬製造業,201605
201605,437.669711,塑膠製品製造業,201605
201605,276.048653,紙漿紙及紙製品製造業,201605
201605,453.465011,紡織成衣及服飾品製造業,201605
201605,630.700959,金屬製品製造業,201605
201605,4027.759605,電子產品及電力設備製造業,201605
201605,464.23102,非金屬礦物製品製造業,201605
201606,2267.575256,化學材料及肥料製造業,201606
201606,1363.814987,基本金屬製造業,201606
201606,435.642474,塑膠製品製造業,201606
201606,277.086848,紙漿紙及紙製品製造業,201606
201606,431.905517,紡織成衣及服飾品製造業,201606
201606,622.73956,金屬製品製造業,201606
201606,4008.971816,電子產品及電力設備製造業,201606
201606,445.563843,非金屬礦物製品製造業,201606
201607,2444.412014,化學材料及肥料製造業,201607
201607,1418.358349,基本金屬製造業,201607
201607,449.589378,塑膠製品製造業,201607
201607,262.522611,紙漿紙及紙製品製造業,201607
201607,451.501893,紡織成衣及服飾品製造業,201607
201607,637.795151,金屬製品製造業,201607
201607,4190.201983,電子產品及電力設備製造業,201607
201607,462.571009,非金屬礦物製品製造業,201607
201608,2234.211165,化學材料及肥料製造業,201608
201608,1393.768767,基本金屬製造業,201608
201608,467.282169,塑膠製品製造業,201608
201608,274.086322,紙漿紙及紙製品製造業,201608
201608,467.578981,紡織成衣及服飾品製造業,201608
201608,662.353635,金屬製品製造業,201608
201608,4220.116266,電子產品及電力設備製造業,201608
201608,468.890616,非金屬礦物製品製造業,201608
201609,2163.681862,化學材料及肥料製造業,201609
201609,1269.183304,基本金屬製造業,201609
201609,417.940625,塑膠製品製造業,201609
201609,265.995219,紙漿紙及紙製品製造業,201609
201609,430.544252,紡織成衣及服飾品製造業,201609
201609,596.437319,金屬製品製造業,201609
201609,4003.640368,電子產品及電力設備製造業,201609
201609,430.020747,非金屬礦物製品製造業,201609
201610,2349.881309,化學材料及肥料製造業,201610
201610,1408.402265,基本金屬製造業,201610
201610,433.837862,塑膠製品製造業,201610
201610,297.519683,紙漿紙及紙製品製造業,201610
201610,443.741698,紡織成衣及服飾品製造業,201610
201610,614.137979,金屬製品製造業,201610
201610,4127.50224,電子產品及電力設備製造業,201610
201610,461.062325,非金屬礦物製品製造業,201610
201611,2229.273402,化學材料及肥料製造業,201611
201611,1334.801279,基本金屬製造業,201611
201611,435.271414,塑膠製品製造業,201611
201611,285.556536,紙漿紙及紙製品製造業,201611
201611,419.680132,紡織成衣及服飾品製造業,201611
201611,618.588271,金屬製品製造業,201611
201611,3899.655772,電子產品及電力設備製造業,201611
201611,450.363686,非金屬礦物製品製造業,201611
201612,2327.472004,化學材料及肥料製造業,201612
201612,1466.668545,基本金屬製造業,201612
201612,438.416274,塑膠製品製造業,201612
201612,284.183513,紙漿紙及紙製品製造業,201612
201612,424.520558,紡織成衣及服飾品製造業,201612
201612,630.075832,金屬製品製造業,201612
201612,3945.129403,電子產品及電力設備製造業,201612
201612,475.684763,非金屬礦物製品製造業,201612
201701,2340.994998,化學材料及肥料製造業,201701
201701,1373.812759,基本金屬製造業,201701
201701,379.066418,塑膠製品製造業,201701
201701,261.199213,紙漿紙及紙製品製造業,201701
201701,369.681548,紡織成衣及服飾品製造業,201701
201701,543.751517,金屬製品製造業,201701
201701,3770.472839,電子產品及電力設備製造業,201701
201701,429.35823,非金屬礦物製品製造業,201701
201702,2129.297234,化學材料及肥料製造業,201702
201702,1308.300461,基本金屬製造業,201702
201702,367.492348,塑膠製品製造業,201702
201702,253.856527,紙漿紙及紙製品製造業,201702
201702,365.788267,紡織成衣及服飾品製造業,201702
201702,527.762835,金屬製品製造業,201702
201702,3479.487818,電子產品及電力設備製造業,201702
201702,373.513144,非金屬礦物製品製造業,201702
201703,2209.610175,化學材料及肥料製造業,201703
201703,1482.952339,基本金屬製造業,201703
201703,435.690674,塑膠製品製造業,201703
201703,289.840787,紙漿紙及紙製品製造業,201703
201703,421.436998,紡織成衣及服飾品製造業,201703
201703,628.441508,金屬製品製造業,201703
201703,3953.232582,電子產品及電力設備製造業,201703
201703,456.700928,非金屬礦物製品製造業,201703
201704,2153.77418,化學材料及肥料製造業,201704
201704,1430.914311,基本金屬製造業,201704
201704,410.018262,塑膠製品製造業,201704
201704,268.35324,紙漿紙及紙製品製造業,201704
201704,394.732871,紡織成衣及服飾品製造業,201704
201704,599.172257,金屬製品製造業,201704
201704,3901.43527,電子產品及電力設備製造業,201704
201704,441.506895,非金屬礦物製品製造業,201704
201705,2376.762181,化學材料及肥料製造業,201705
201705,1464.823874,基本金屬製造業,201705
201705,431.15685,塑膠製品製造業,201705
201705,280.734857,紙漿紙及紙製品製造業,201705
201705,420.693259,紡織成衣及服飾品製造業,201705
201705,637.257978,金屬製品製造業,201705
201705,4182.222275,電子產品及電力設備製造業,201705
201705,471.189484,非金屬礦物製品製造業,201705
201706,2325.478515,化學材料及肥料製造業,201706
201706,1324.791286,基本金屬製造業,201706
201706,441.417036,塑膠製品製造業,201706
201706,282.617794,紙漿紙及紙製品製造業,201706
201706,424.680289,紡織成衣及服飾品製造業,201706
201706,651.451229,金屬製品製造業,201706
201706,4192.151691,電子產品及電力設備製造業,201706
201706,443.155966,非金屬礦物製品製造業,201706
201707,2467.039105,化學材料及肥料製造業,201707
201707,1417.564176,基本金屬製造業,201707
201707,449.383337,塑膠製品製造業,201707
201707,292.201991,紙漿紙及紙製品製造業,201707
201707,430.049782,紡織成衣及服飾品製造業,201707
201707,665.447832,金屬製品製造業,201707
201707,4382.735351,電子產品及電力設備製造業,201707
201707,470.620185,非金屬礦物製品製造業,201707
201708,2441.790674,化學材料及肥料製造業,201708
201708,1421.648213,基本金屬製造業,201708
201708,463.575907,塑膠製品製造業,201708
201708,288.48793,紙漿紙及紙製品製造業,201708
201708,447.301408,紡織成衣及服飾品製造業,201708
201708,682.657649,金屬製品製造業,201708
201708,4460.247985,電子產品及電力設備製造業,201708
201708,456.606816,非金屬礦物製品製造業,201708
201709,2194.119971,化學材料及肥料製造業,201709
201709,1380.388087,基本金屬製造業,201709
201709,449.397109,塑膠製品製造業,201709
201709,290.164032,紙漿紙及紙製品製造業,201709
201709,429.478432,紡織成衣及服飾品製造業,201709
201709,666.136085,金屬製品製造業,201709
201709,4317.544779,電子產品及電力設備製造業,201709
201709,458.668312,非金屬礦物製品製造業,201709
201710,2382.091692,化學材料及肥料製造業,201710
201710,1420.032808,基本金屬製造業,201710
201710,434.676348,塑膠製品製造業,201710
201710,296.805614,紙漿紙及紙製品製造業,201710
201710,419.415196,紡織成衣及服飾品製造業,201710
201710,644.018431,金屬製品製造業,201710
201710,4295.301891,電子產品及電力設備製造業,201710
201710,452.036389,非金屬礦物製品製造業,201710
201711,2252.116351,化學材料及肥料製造業,201711
201711,1402.832967,基本金屬製造業,201711
201711,424.420677,塑膠製品製造業,201711
201711,289.611786,紙漿紙及紙製品製造業,201711
201711,398.490609,紡織成衣及服飾品製造業,201711
201711,631.765813,金屬製品製造業,201711
201711,4050.974744,電子產品及電力設備製造業,201711
201711,434.829677,非金屬礦物製品製造業,201711
201712,2303.122357,化學材料及肥料製造業,201712
201712,1438.256507,基本金屬製造業,201712
201712,425.60861,塑膠製品製造業,201712
201712,297.064585,紙漿紙及紙製品製造業,201712
201712,401.953077,紡織成衣及服飾品製造業,201712
201712,633.477544,金屬製品製造業,201712
201712,4034.018409,電子產品及電力設備製造業,201712
201712,457.40989,非金屬礦物製品製造業,201712
201801,2694.312665,化學材料及肥料製造業,201801
201801,1615.958643,基本金屬製造業,201801
201801,449.108645,塑膠製品製造業,201801
201801,303.909307,紙漿紙及紙製品製造業,201801
201801,514.825018,紡織成衣及服飾品製造業,201801
201801,571.83332988,金屬製品製造業,201801
201801,4097.9061481,電子產品及電力設備製造業,201801
201801,487.54477,非金屬礦物製品製造業,201801
201802,2404.035073,化學材料及肥料製造業,201802
201802,1338.788606,基本金屬製造業,201802
201802,358.132757,塑膠製品製造業,201802
201802,231.14985,紙漿紙及紙製品製造業,201802
201802,407.642092,紡織成衣及服飾品製造業,201802
201802,440.37801378,金屬製品製造業,201802
201802,3677.47234938,電子產品及電力設備製造業,201802
201802,396.853488,非金屬礦物製品製造業,201802
201803,2699.413639,化學材料及肥料製造業,201803
201803,1669.028955,基本金屬製造業,201803
201803,454.066925,塑膠製品製造業,201803
201803,308.082515,紙漿紙及紙製品製造業,201803
201803,529.188015,紡織成衣及服飾品製造業,201803
201803,569.09194812,金屬製品製造業,201803
201803,4133.69576848,電子產品及電力設備製造業,201803
201803,466.805942,非金屬礦物製品製造業,201803
201804,2671.474525,化學材料及肥料製造業,201804
201804,1597.191577,基本金屬製造業,201804
201804,425.190566,塑膠製品製造業,201804
201804,291.959244,紙漿紙及紙製品製造業,201804
201804,506.242306,紡織成衣及服飾品製造業,201804
201804,552.06436462,金屬製品製造業,201804
201804,4148.01687658,電子產品及電力設備製造業,201804
201804,472.266599,非金屬礦物製品製造業,201804
201805,2844.863483,化學材料及肥料製造業,201805
201805,1701.429264,基本金屬製造業,201805
201805,478.107328,塑膠製品製造業,201805
201805,308.296146,紙漿紙及紙製品製造業,201805
201805,546.929992,紡織成衣及服飾品製造業,201805
201805,606.89285285,金屬製品製造業,201805
201805,4498.93543508,電子產品及電力設備製造業,201805
201805,503.921985,非金屬礦物製品製造業,201805
201806,2654.389775,化學材料及肥料製造業,201806
201806,1627.284421,基本金屬製造業,201806
201806,466.885119,塑膠製品製造業,201806
201806,307.930287,紙漿紙及紙製品製造業,201806
201806,528.474489,紡織成衣及服飾品製造業,201806
201806,601.14603041,金屬製品製造業,201806
201806,4351.30205224,電子產品及電力設備製造業,201806
201806,476.186377,非金屬礦物製品製造業,201806
201807,2672.333057,化學材料及肥料製造業,201807
201807,1671.098987,基本金屬製造業,201807
201807,480.712262,塑膠製品製造業,201807
201807,319.194768,紙漿紙及紙製品製造業,201807
201807,551.367711,紡織成衣及服飾品製造業,201807
201807,608.21854318,金屬製品製造業,201807
201807,4605.92812558,電子產品及電力設備製造業,201807
201807,496.106595,非金屬礦物製品製造業,201807
201808,2777.750321,化學材料及肥料製造業,201808
201808,1680.616057,基本金屬製造業,201808
201808,487.919946,塑膠製品製造業,201808
201808,316.40535,紙漿紙及紙製品製造業,201808
201808,556.747734,紡織成衣及服飾品製造業,201808
201808,631.51259541,金屬製品製造業,201808
201808,4584.11894302,電子產品及電力設備製造業,201808
201808,488.952273,非金屬礦物製品製造業,201808
201809,2727.279696,化學材料及肥料製造業,201809
201809,1605.666772,基本金屬製造業,201809
201809,447.922114,塑膠製品製造業,201809
201809,304.691791,紙漿紙及紙製品製造業,201809
201809,528.506651,紡織成衣及服飾品製造業,201809
201809,589.88323285,金屬製品製造業,201809
201809,4382.82751676,電子產品及電力設備製造業,201809
201809,475.399159,非金屬礦物製品製造業,201809
201810,2725.695835,化學材料及肥料製造業,201810
201810,1679.798376,基本金屬製造業,201810
201810,452.761936,塑膠製品製造業,201810
201810,317.419007,紙漿紙及紙製品製造業,201810
201810,523.653107,紡織成衣及服飾品製造業,201810
201810,599.28771529,金屬製品製造業,201810
201810,4336.8022637,電子產品及電力設備製造業,201810
201810,504.216033,非金屬礦物製品製造業,201810
201811,2654.706326,化學材料及肥料製造業,201811
201811,1593.923643,基本金屬製造業,201811
201811,438.379209,塑膠製品製造業,201811
201811,302.69708,紙漿紙及紙製品製造業,201811
201811,488.956551,紡織成衣及服飾品製造業,201811
201811,581.79437289,金屬製品製造業,201811
201811,4175.06973234,電子產品及電力設備製造業,201811
201811,491.327329,非金屬礦物製品製造業,201811
201812,2674.833989,化學材料及肥料製造業,201812
201812,1623.442368,基本金屬製造業,201812
201812,437.295488,塑膠製品製造業,201812
201812,302.887491,紙漿紙及紙製品製造業,201812
201812,481.942113,紡織成衣及服飾品製造業,201812
201812,575.36986055,金屬製品製造業,201812
201812,4126.40789538,電子產品及電力設備製造業,201812
201812,503.714989,非金屬礦物製品製造業,201812
201901,2678.06406,化學材料及肥料製造業,201901
201901,1613.462478,基本金屬製造業,201901
201901,445.417978,塑膠製品製造業,201901
201901,312.449016,紙漿紙及紙製品製造業,201901
201901,494.025879,紡織成衣及服飾品製造業,201901
201901,569.34134122,金屬製品製造業,201901
201901,4082.21664536,電子產品及電力設備製造業,201901
201901,493.076063,非金屬礦物製品製造業,201901
201902,2352.375785,化學材料及肥料製造業,201902
201902,1346.777384,基本金屬製造業,201902
201902,342.024907,塑膠製品製造業,201902
201902,248.601327,紙漿紙及紙製品製造業,201902
201902,391.837424,紡織成衣及服飾品製造業,201902
201902,431.73216023,金屬製品製造業,201902
201902,3617.30326077,電子產品及電力設備製造業,201902
201902,398.461491,非金屬礦物製品製造業,201902
201903,2609.39556,化學材料及肥料製造業,201903
201903,1647.197758,基本金屬製造業,201903
201903,436.832461,塑膠製品製造業,201903
201903,303.517152,紙漿紙及紙製品製造業,201903
201903,502.855206,紡織成衣及服飾品製造業,201903
201903,539.47560011,金屬製品製造業,201903
201903,4164.29255461,電子產品及電力設備製造業,201903
201903,487.650253,非金屬礦物製品製造業,201903
201904,2525.727367,化學材料及肥料製造業,201904
201904,1571.238252,基本金屬製造業,201904
201904,436.623465,塑膠製品製造業,201904
201904,280.476851,紙漿紙及紙製品製造業,201904
201904,491.739323,紡織成衣及服飾品製造業,201904
201904,549.44718218,金屬製品製造業,201904
201904,4196.17560312,電子產品及電力設備製造業,201904
201904,473.262823,非金屬礦物製品製造業,201904
201905,2699.127642,化學材料及肥料製造業,201905
201905,1623.202833,基本金屬製造業,201905
201905,471.440306,塑膠製品製造業,201905
201905,313.205675,紙漿紙及紙製品製造業,201905
201905,522.071966,紡織成衣及服飾品製造業,201905
201905,580.9755056,金屬製品製造業,201905
201905,4456.81547168,電子產品及電力設備製造業,201905
201905,490.891643,非金屬礦物製品製造業,201905
201906,2588.256327,化學材料及肥料製造業,201906
201906,1525.924357,基本金屬製造業,201906
201906,447.009032,塑膠製品製造業,201906
201906,295.604167,紙漿紙及紙製品製造業,201906
201906,484.711662,紡織成衣及服飾品製造業,201906
201906,557.92028316,金屬製品製造業,201906
201906,4351.51658097,電子產品及電力設備製造業,201906
201906,482.053642,非金屬礦物製品製造業,201906
201907,2784.66851,化學材料及肥料製造業,201907
201907,1570.882827,基本金屬製造業,201907
201907,479.602626,塑膠製品製造業,201907
201907,321.680041,紙漿紙及紙製品製造業,201907
201907,522.443495,紡織成衣及服飾品製造業,201907
201907,590.76804836,金屬製品製造業,201907
201907,4680.53431825,電子產品及電力設備製造業,201907
201907,492.539754,非金屬礦物製品製造業,201907
201908,2814.182781,化學材料及肥料製造業,201908
201908,1563.444723,基本金屬製造業,201908
201908,481.536014,塑膠製品製造業,201908
201908,307.297573,紙漿紙及紙製品製造業,201908
201908,519.783882,紡織成衣及服飾品製造業,201908
201908,596.89660227,金屬製品製造業,201908
201908,4692.0772008,電子產品及電力設備製造業,201908
201908,493.734333,非金屬礦物製品製造業,201908
201909,2452.983606,化學材料及肥料製造業,201909
201909,1488.499051,基本金屬製造業,201909
201909,453.583065,塑膠製品製造業,201909
201909,294.24016,紙漿紙及紙製品製造業,201909
201909,479.262231,紡織成衣及服飾品製造業,201909
201909,561.84933149,金屬製品製造業,201909
201909,4431.56779261,電子產品及電力設備製造業,201909
201909,470.419282,非金屬礦物製品製造業,201909
201910,2709.91658,化學材料及肥料製造業,201910
201910,1524.95217,基本金屬製造業,201910
201910,467.78577,塑膠製品製造業,201910
201910,300.260121,紙漿紙及紙製品製造業,201910
201910,477.674789,紡織成衣及服飾品製造業,201910
201910,561.65678785,金屬製品製造業,201910
201910,4484.45767875,電子產品及電力設備製造業,201910
201910,483.811593,非金屬礦物製品製造業,201910
201911,2638.655421,化學材料及肥料製造業,201911
201911,1461.640797,基本金屬製造業,201911
201911,447.732201,塑膠製品製造業,201911
201911,293.349661,紙漿紙及紙製品製造業,201911
201911,451.073235,紡織成衣及服飾品製造業,201911
201911,545.87941691,金屬製品製造業,201911
201911,4261.73678827,電子產品及電力設備製造業,201911
201911,488.334594,非金屬礦物製品製造業,201911
201912,2642.873592,化學材料及肥料製造業,201912
201912,1519.051726,基本金屬製造業,201912
201912,453.184342,塑膠製品製造業,201912
201912,319.160879,紙漿紙及紙製品製造業,201912
201912,450.508899,紡織成衣及服飾品製造業,201912
201912,546.84126116,金屬製品製造業,201912
201912,4323.63909001,電子產品及電力設備製造業,201912
201912,498.566617,非金屬礦物製品製造業,201912
202001,2640.606673,化學材料及肥料製造業,202001
202001,1454.483197,基本金屬製造業,202001
202001,388.666588,塑膠製品製造業,202001
202001,289.124245,紙漿紙及紙製品製造業,202001
202001,400.964166,紡織成衣及服飾品製造業,202001
202001,462.90877572,金屬製品製造業,202001
202001,4232.0378764,電子產品及電力設備製造業,202001
202001,444.568542,非金屬礦物製品製造業,202001
202002,2410.44768,化學材料及肥料製造業,202002
202002,1507.095116,基本金屬製造業,202002
202002,422.556876,塑膠製品製造業,202002
202002,274.928801,紙漿紙及紙製品製造業,202002
202002,425.432069,紡織成衣及服飾品製造業,202002
202002,506.94270621,金屬製品製造業,202002
202002,4103.40024108,電子產品及電力設備製造業,202002
202002,447.814129,非金屬礦物製品製造業,202002
202003,2499.940554,化學材料及肥料製造業,202003
202003,1619.076617,基本金屬製造業,202003
202003,444.059014,塑膠製品製造業,202003
202003,313.972376,紙漿紙及紙製品製造業,202003
202003,460.718832,紡織成衣及服飾品製造業,202003
202003,563.49404832,金屬製品製造業,202003
202003,4478.23141473,電子產品及電力設備製造業,202003
202003,490.032679,非金屬礦物製品製造業,202003
202004,2377.810977,化學材料及肥料製造業,202004
202004,1499.06228,基本金屬製造業,202004
202004,429.528796,塑膠製品製造業,202004
202004,305.41075,紙漿紙及紙製品製造業,202004
202004,344.883844,紡織成衣及服飾品製造業,202004
202004,538.74852816,金屬製品製造業,202004
202004,4354.42168292,電子產品及電力設備製造業,202004
202004,464.200477,非金屬礦物製品製造業,202004
202005,2590.471551,化學材料及肥料製造業,202005
202005,1508.743159,基本金屬製造業,202005
202005,435.862157,塑膠製品製造業,202005
202005,305.339485,紙漿紙及紙製品製造業,202005
202005,341.486264,紡織成衣及服飾品製造業,202005
202005,530.43632789,金屬製品製造業,202005
202005,4757.24414761,電子產品及電力設備製造業,202005
202005,490.801953,非金屬礦物製品製造業,202005
202006,2634.269161,化學材料及肥料製造業,202006
202006,1482.004522,基本金屬製造業,202006
202006,443.041675,塑膠製品製造業,202006
202006,292.031271,紙漿紙及紙製品製造業,202006
202006,352.694766,紡織成衣及服飾品製造業,202006
202006,529.14370564,金屬製品製造業,202006
202006,4722.44553564,電子產品及電力設備製造業,202006
202006,487.679317,非金屬礦物製品製造業,202006
202007,2724.455501,化學材料及肥料製造業,202007
202007,1448.192041,基本金屬製造業,202007
202007,489.968188,塑膠製品製造業,202007
202007,316.417093,紙漿紙及紙製品製造業,202007
202007,399.133549,紡織成衣及服飾品製造業,202007
202007,590.48939227,金屬製品製造業,202007
202007,4994.95477569,電子產品及電力設備製造業,202007
202007,493.458341,非金屬礦物製品製造業,202007
202008,2613.252743,化學材料及肥料製造業,202008
202008,1508.167324,基本金屬製造業,202008
202008,480.360415,塑膠製品製造業,202008
202008,295.875505,紙漿紙及紙製品製造業,202008
202008,408.574525,紡織成衣及服飾品製造業,202008
202008,575.71041958,金屬製品製造業,202008
202008,4976.6977579,電子產品及電力設備製造業,202008
202008,494.966449,非金屬礦物製品製造業,202008
202009,2556.894659,化學材料及肥料製造業,202009
202009,1488.12478,基本金屬製造業,202009
202009,496.419313,塑膠製品製造業,202009
202009,297.82498,紙漿紙及紙製品製造業,202009
202009,421.583148,紡織成衣及服飾品製造業,202009
202009,608.2894508,金屬製品製造業,202009
202009,4821.67159667,電子產品及電力設備製造業,202009
202009,473.121173,非金屬礦物製品製造業,202009
202010,2746.709087,化學材料及肥料製造業,202010
202010,1536.028882,基本金屬製造業,202010
202010,465.195614,塑膠製品製造業,202010
202010,312.28061,紙漿紙及紙製品製造業,202010
202010,408.194071,紡織成衣及服飾品製造業,202010
202010,577.04325849,金屬製品製造業,202010
202010,4811.70274491,電子產品及電力設備製造業,202010
202010,487.82369,非金屬礦物製品製造業,202010
202011,2664.490183,化學材料及肥料製造業,202011
202011,1549.111586,基本金屬製造業,202011
202011,467.903654,塑膠製品製造業,202011
202011,308.945393,紙漿紙及紙製品製造業,202011
202011,405.765993,紡織成衣及服飾品製造業,202011
202011,582.82724143,金屬製品製造業,202011
202011,4680.02377309,電子產品及電力設備製造業,202011
202011,477.287736,非金屬礦物製品製造業,202011
202012,2716.897437,化學材料及肥料製造業,202012
202012,1643.088871,基本金屬製造業,202012
202012,476.598131,塑膠製品製造業,202012
202012,320.658505,紙漿紙及紙製品製造業,202012
202012,416.483212,紡織成衣及服飾品製造業,202012
202012,612.57310685,金屬製品製造業,202012
202012,4741.52432683,電子產品及電力設備製造業,202012
202012,504.096356,非金屬礦物製品製造業,202012
202101,2780.085154,化學材料及肥料製造業,202101
202101,1650.089761,基本金屬製造業,202101
202101,468.987976,塑膠製品製造業,202101
202101,309.073676,紙漿紙及紙製品製造業,202101
202101,422.191286,紡織成衣及服飾品製造業,202101
202101,604.10200171,金屬製品製造業,202101
202101,4494.0815195,電子產品及電力設備製造業,202101
202101,501.908468,非金屬礦物製品製造業,202101
202102,2472.404184,化學材料及肥料製造業,202102
202102,1401.893979,基本金屬製造業,202102
202102,387.435204,塑膠製品製造業,202102
202102,265.00449,紙漿紙及紙製品製造業,202102
202102,343.827369,紡織成衣及服飾品製造業,202102
202102,487.14628733,金屬製品製造業,202102
202102,4181.90288581,電子產品及電力設備製造業,202102
202102,398.099431,非金屬礦物製品製造業,202102
202103,2758.523585,化學材料及肥料製造業,202103
202103,1688.86223,基本金屬製造業,202103
202103,506.372317,塑膠製品製造業,202103
202103,319.94815,紙漿紙及紙製品製造業,202103
202103,436.028379,紡織成衣及服飾品製造業,202103
202103,628.89863412,金屬製品製造業,202103
202103,4794.30930607,電子產品及電力設備製造業,202103
202103,489.224781,非金屬礦物製品製造業,202103
202104,2729.072831,化學材料及肥料製造業,202104
202104,1627.17593,基本金屬製造業,202104
202104,477.386442,塑膠製品製造業,202104
202104,294.259822,紙漿紙及紙製品製造業,202104
202104,425.513074,紡織成衣及服飾品製造業,202104
202104,617.17498654,金屬製品製造業,202104
202104,4683.80886962,電子產品及電力設備製造業,202104
202104,479.370734,非金屬礦物製品製造業,202104
202105,2862.954952,化學材料及肥料製造業,202105
202105,1713.873561,基本金屬製造業,202105
202105,504.238251,塑膠製品製造業,202105
202105,320.474421,紙漿紙及紙製品製造業,202105
202105,467.724484,紡織成衣及服飾品製造業,202105
202105,657.72935513,金屬製品製造業,202105
202105,5201.758801,電子產品及電力設備製造業,202105
202105,509.413105,非金屬礦物製品製造業,202105
202106,2857.189445,化學材料及肥料製造業,202106
202106,1672.39582,基本金屬製造業,202106
202106,496.751621,塑膠製品製造業,202106
202106,313.970022,紙漿紙及紙製品製造業,202106
202106,449.118007,紡織成衣及服飾品製造業,202106
202106,661.91891352,金屬製品製造業,202106
202106,5146.9906125,電子產品及電力設備製造業,202106
202106,484.66780342,非金屬礦物製品製造業,202106
202107,2964.458405,化學材料及肥料製造業,202107
202107,1689.032139,基本金屬製造業,202107
202107,519.14245,塑膠製品製造業,202107
202107,325.013282,紙漿紙及紙製品製造業,202107
202107,470.703524,紡織成衣及服飾品製造業,202107
202107,687.92325716,金屬製品製造業,202107
202107,5440.00532794,電子產品及電力設備製造業,202107
202107,511.22519878,非金屬礦物製品製造業,202107
202108,2932.736618,化學材料及肥料製造業,202108
202108,1689.525539,基本金屬製造業,202108
202108,506.742204,塑膠製品製造業,202108
202108,320.004196,紙漿紙及紙製品製造業,202108
202108,463.842047,紡織成衣及服飾品製造業,202108
202108,686.14043242,金屬製品製造業,202108
202108,5409.23884498,電子產品及電力設備製造業,202108
202108,489.19137508,非金屬礦物製品製造業,202108
202109,2740.043412,化學材料及肥料製造業,202109
202109,1630.018177,基本金屬製造業,202109
202109,486.800497,塑膠製品製造業,202109
202109,308.329775,紙漿紙及紙製品製造業,202109
202109,448.593236,紡織成衣及服飾品製造業,202109
202109,671.90640376,金屬製品製造業,202109
202109,5274.02760446,電子產品及電力設備製造業,202109
202109,476.04710593,非金屬礦物製品製造業,202109
202110,2884.574866,化學材料及肥料製造業,202110
202110,1708.059822,基本金屬製造業,202110
202110,488.735877,塑膠製品製造業,202110
202110,318.587226,紙漿紙及紙製品製造業,202110
202110,450.321339,紡織成衣及服飾品製造業,202110
202110,669.77642739,金屬製品製造業,202110
202110,5339.87532913,電子產品及電力設備製造業,202110
202110,491.71056423,非金屬礦物製品製造業,202110
202111,2778.121781,化學材料及肥料製造業,202111
202111,1638.540571,基本金屬製造業,202111
202111,467.157565,塑膠製品製造業,202111
202111,311.829273,紙漿紙及紙製品製造業,202111
202111,429.85836,紡織成衣及服飾品製造業,202111
202111,636.86141721,金屬製品製造業,202111
202111,5017.64892605,電子產品及電力設備製造業,202111
202111,481.61592284,非金屬礦物製品製造業,202111
202112,2789.674656,化學材料及肥料製造業,202112
202112,1679.361781,基本金屬製造業,202112
202112,466.345254,塑膠製品製造業,202112
202112,314.078411,紙漿紙及紙製品製造業,202112
202112,432.674486,紡織成衣及服飾品製造業,202112
202112,635.66387551,金屬製品製造業,202112
202112,5088.9083149,電子產品及電力設備製造業,202112
202112,507.95837691,非金屬礦物製品製造業,202112
202201,2677.146845,化學材料及肥料製造業,202201
202201,1582.467126,基本金屬製造業,202201
202201,454.736215,塑膠製品製造業,202201
202201,301.056933,紙漿紙及紙製品製造業,202201
202201,415.212043,紡織成衣及服飾品製造業,202201
202201,587.20794675,金屬製品製造業,202201
202201,4930.3049425,電子產品及電力設備製造業,202201
202201,484.682718,非金屬礦物製品製造業,202201
202202,2366.279525,化學材料及肥料製造業,202202
202202,1409.083043,基本金屬製造業,202202
202202,387.128553,塑膠製品製造業,202202
202202,259.785724,紙漿紙及紙製品製造業,202202
202202,352.424543,紡織成衣及服飾品製造業,202202
202202,509.75847,金屬製品製造業,202202
202202,4492.10540543,電子產品及電力設備製造業,202202
202202,398.99745438,非金屬礦物製品製造業,202202
202203,2594.154598,化學材料及肥料製造業,202203
202203,1641.047724,基本金屬製造業,202203
202203,486.111994,塑膠製品製造業,202203
202203,317.147003,紙漿紙及紙製品製造業,202203
202203,435.277024,紡織成衣及服飾品製造業,202203
202203,624.85063906,金屬製品製造業,202203
202203,5068.97152882,電子產品及電力設備製造業,202203
202203,482.17561743,非金屬礦物製品製造業,202203
202204,2576.184497,化學材料及肥料製造業,202204
202204,1587.163203,基本金屬製造業,202204
202204,453.230746,塑膠製品製造業,202204
202204,289.286801,紙漿紙及紙製品製造業,202204
202204,401.229242,紡織成衣及服飾品製造業,202204
202204,585.46057382,金屬製品製造業,202204
202204,5069.55374332,電子產品及電力設備製造業,202204
202204,463.00031912,非金屬礦物製品製造業,202204
202205,2704.83729,化學材料及肥料製造業,202205
202205,1657.496845,基本金屬製造業,202205
202205,469.930161,塑膠製品製造業,202205
202205,313.931812,紙漿紙及紙製品製造業,202205
202205,406.006866,紡織成衣及服飾品製造業,202205
202205,604.91161758,金屬製品製造業,202205
202205,5357.50860609,電子產品及電力設備製造業,202205
202205,492.41549473,非金屬礦物製品製造業,202205
202206,2519.350197,化學材料及肥料製造業,202206
202206,1547.2912,基本金屬製造業,202206
202206,466.738392,塑膠製品製造業,202206
202206,286.125113,紙漿紙及紙製品製造業,202206
202206,408.40084415,紡織成衣及服飾品製造業,202206
202206,614.01008125,金屬製品製造業,202206
202206,5394.39033257,電子產品及電力設備製造業,202206
202206,462.90485636,非金屬礦物製品製造業,202206
202207,2599.879152,化學材料及肥料製造業,202207
202207,1522.457056,基本金屬製造業,202207
202207,473.019976,塑膠製品製造業,202207
202207,293.856787,紙漿紙及紙製品製造業,202207
202207,421.41738887,紡織成衣及服飾品製造業,202207
202207,624.59557318,金屬製品製造業,202207
202207,5562.33157609,電子產品及電力設備製造業,202207
202207,484.93320793,非金屬礦物製品製造業,202207
202208,2388.271904,化學材料及肥料製造業,202208
202208,1458.175574,基本金屬製造業,202208
202208,470.032402,塑膠製品製造業,202208
202208,290.149937,紙漿紙及紙製品製造業,202208
202208,425.42702348,紡織成衣及服飾品製造業,202208
202208,618.17724662,金屬製品製造業,202208
202208,5577.22706417,電子產品及電力設備製造業,202208
202208,478.43094812,非金屬礦物製品製造業,202208
202209,2335.258002,化學材料及肥料製造業,202209
202209,1393.571429,基本金屬製造業,202209
202209,445.586273,塑膠製品製造業,202209
202209,283.479496,紙漿紙及紙製品製造業,202209
202209,394.75746198,紡織成衣及服飾品製造業,202209
202209,608.04645938,金屬製品製造業,202209
202209,5207.53210326,電子產品及電力設備製造業,202209
202209,455.57849449,非金屬礦物製品製造業,202209
202210,2548.753955,化學材料及肥料製造業,202210
202210,1486.703974,基本金屬製造業,202210
202210,428.199087,塑膠製品製造業,202210
202210,303.820503,紙漿紙及紙製品製造業,202210
202210,370.73898679,紡織成衣及服飾品製造業,202210
202210,579.28817126,金屬製品製造業,202210
202210,5274.32969053,電子產品及電力設備製造業,202210
202210,452.96835245,非金屬礦物製品製造業,202210
202211,2446.125699,化學材料及肥料製造業,202211
202211,1418.75679,基本金屬製造業,202211
202211,420.902661,塑膠製品製造業,202211
202211,287.254902,紙漿紙及紙製品製造業,202211
202211,349.16134236,紡織成衣及服飾品製造業,202211
202211,551.24249517,金屬製品製造業,202211
202211,5111.74806093,電子產品及電力設備製造業,202211
202211,442.51458357,非金屬礦物製品製造業,202211
202212,2439.565468,化學材料及肥料製造業,202212
202212,1448.494151,基本金屬製造業,202212
202212,420.958371,塑膠製品製造業,202212
202212,299.335196,紙漿紙及紙製品製造業,202212
202212,337.9093062,紡織成衣及服飾品製造業,202212
202212,546.12982826,金屬製品製造業,202212
202212,5061.87825563,電子產品及電力設備製造業,202212
202212,471.41414429,非金屬礦物製品製造業,202212
202301,2250.305519,化學材料及肥料製造業,202301
202301,1290.443552,基本金屬製造業,202301
202301,344.868852,塑膠製品製造業,202301
202301,250.412412,紙漿紙及紙製品製造業,202301
202301,279.29109421,紡織成衣及服飾品製造業,202301
202301,426.7410207,金屬製品製造業,202301
202301,4921.28362956,電子產品及電力設備製造業,202301
202301,410.97429874,非金屬礦物製品製造業,202301
202302,2202.526856,化學材料及肥料製造業,202302
202302,1363.998909,基本金屬製造業,202302
202302,362.731879,塑膠製品製造業,202302
202302,270.405811,紙漿紙及紙製品製造業,202302
202302,330.61445585,紡織成衣及服飾品製造業,202302
202302,483.14033613,金屬製品製造業,202302
202302,4461.5619945,電子產品及電力設備製造業,202302
202302,405.34703111,非金屬礦物製品製造業,202302
202303,2378.253984,化學材料及肥料製造業,202303
202303,1572.343729,基本金屬製造業,202303
202303,399.258515,塑膠製品製造業,202303
202303,305.408065,紙漿紙及紙製品製造業,202303
202303,333.87312947,紡織成衣及服飾品製造業,202303
202303,494.98275677,金屬製品製造業,202303
202303,5086.61407087,電子產品及電力設備製造業,202303
202303,464.99750687,非金屬礦物製品製造業,202303
202304,2194.985631,化學材料及肥料製造業,202304
202304,1573.87185,基本金屬製造業,202304
202304,347.945341,塑膠製品製造業,202304
202304,268.841748,紙漿紙及紙製品製造業,202304
202304,299.68065944,紡織成衣及服飾品製造業,202304
202304,446.68484443,金屬製品製造業,202304
202304,5008.12366685,電子產品及電力設備製造業,202304
202304,437.2974754,非金屬礦物製品製造業,202304
202305,2384.933843,化學材料及肥料製造業,202305
202305,1580.891164,基本金屬製造業,202305
202305,388.48797393,塑膠製品製造業,202305
202305,303.482916,紙漿紙及紙製品製造業,202305
202305,323.74003814,紡織成衣及服飾品製造業,202305
202305,500.22773781,金屬製品製造業,202305
202305,5411.85535162,電子產品及電力設備製造業,202305
202305,447.64622195,非金屬礦物製品製造業,202305
202306,2367.87073362,化學材料及肥料製造業,202306
202306,1508.622949,基本金屬製造業,202306
202306,374.49755169,塑膠製品製造業,202306
202306,296.144787,紙漿紙及紙製品製造業,202306
202306,318.57228572,紡織成衣及服飾品製造業,202306
202306,487.35945292,金屬製品製造業,202306
202306,5415.31290688,電子產品及電力設備製造業,202306
202306,432.55081719,非金屬礦物製品製造業,202306
202307,2481.35066368,化學材料及肥料製造業,202307
202307,1581.529527,基本金屬製造業,202307
202307,393.90399959,塑膠製品製造業,202307
202307,295.043176,紙漿紙及紙製品製造業,202307
202307,345.51428953,紡織成衣及服飾品製造業,202307
202307,512.89287162,金屬製品製造業,202307
202307,5734.99788207,電子產品及電力設備製造業,202307
202307,456.76029176,非金屬礦物製品製造業,202307
202308,2380.46805546,化學材料及肥料製造業,202308
202308,1551.873514,基本金屬製造業,202308
202308,407.6063604,塑膠製品製造業,202308
202308,285.50109,紙漿紙及紙製品製造業,202308
202308,361.80600407,紡織成衣及服飾品製造業,202308
202308,533.21193133,金屬製品製造業,202308
202308,5728.51111751,電子產品及電力設備製造業,202308
202308,477.15185555,非金屬礦物製品製造業,202308
202309,2354.83058568,化學材料及肥料製造業,202309
202309,1512.14436514,基本金屬製造業,202309
202309,390.47243435,塑膠製品製造業,202309
202309,293.994074,紙漿紙及紙製品製造業,202309
202309,347.78979937,紡織成衣及服飾品製造業,202309
202309,509.94752545,金屬製品製造業,202309
202309,5498.3486077,電子產品及電力設備製造業,202309
202309,449.81784967,非金屬礦物製品製造業,202309
202310,2399.85148556,化學材料及肥料製造業,202310
202310,1538.96672211,基本金屬製造業,202310
202310,357.67526037,塑膠製品製造業,202310
202310,303.394432,紙漿紙及紙製品製造業,202310
202310,336.96391317,紡織成衣及服飾品製造業,202310
202310,487.58753726,金屬製品製造業,202310
202310,5576.79329882,電子產品及電力設備製造業,202310
202310,467.13186128,非金屬礦物製品製造業,202310
202311,2311.88656437,化學材料及肥料製造業,202311
202311,1515.71302765,基本金屬製造業,202311
202311,385.38885804,塑膠製品製造業,202311
202311,296.882756,紙漿紙及紙製品製造業,202311
202311,329.37585364,紡織成衣及服飾品製造業,202311
202311,496.19093953,金屬製品製造業,202311
202311,5126.73634896,電子產品及電力設備製造業,202311
202311,433.71920585,非金屬礦物製品製造業,202311
202312,2365.11917589,化學材料及肥料製造業,202312
202312,1630.09111591,基本金屬製造業,202312
202312,366.32823339,塑膠製品製造業,202312
202312,295.753368,紙漿紙及紙製品製造業,202312
202312,328.39296556,紡織成衣及服飾品製造業,202312
202312,496.05703212,金屬製品製造業,202312
202312,5238.74643001,電子產品及電力設備製造業,202312
202312,444.84357422,非金屬礦物製品製造業,202312
202401,2329.50154155,化學材料及肥料製造業,202401
202401,1574.55104654,基本金屬製造業,202401
202401,371.4774082,塑膠製品製造業,202401
202401,302.119494,紙漿紙及紙製品製造業,202401
202401,347.39453067,紡織成衣及服飾品製造業,202401
202401,508.188972,金屬製品製造業,202401
202401,5198.29085519,電子產品及電力設備製造業,202401
202401,467.39622828,非金屬礦物製品製造業,202401
202402,2089.59579813,化學材料及肥料製造業,202402
202402,1392.28992017,基本金屬製造業,202402
202402,284.85267489,塑膠製品製造業,202402
202402,237.002157,紙漿紙及紙製品製造業,202402
202402,278.86241647,紡織成衣及服飾品製造業,202402
202402,392.7031556,金屬製品製造業,202402
202402,4793.79586002,電子產品及電力設備製造業,202402
202402,387.6780901,非金屬礦物製品製造業,202402
202403,2331.49411835,化學材料及肥料製造業,202403
202403,1626.01966911,基本金屬製造業,202403
202403,356.81645841,塑膠製品製造業,202403
202403,298.210577,紙漿紙及紙製品製造業,202403
202403,343.82073449,紡織成衣及服飾品製造業,202403
202403,493.859398,金屬製品製造業,202403
202403,5283.24021804,電子產品及電力設備製造業,202403
202403,481.36561407,非金屬礦物製品製造業,202403
202404,2333.18241626,化學材料及肥料製造業,202404
202404,1526.00689522,基本金屬製造業,202404
202404,355.40797871,塑膠製品製造業,202404
202404,254.624846,紙漿紙及紙製品製造業,202404
202404,340.68847871,紡織成衣及服飾品製造業,202404
202404,509.37730831,金屬製品製造業,202404
202404,5255.6185392,電子產品及電力設備製造業,202404
202404,412.25148832,非金屬礦物製品製造業,202404
202405,2576.28434419,化學材料及肥料製造業,202405
202405,1641.94457903,基本金屬製造業,202405
202405,389.39702864,塑膠製品製造業,202405
202405,283.249596,紙漿紙及紙製品製造業,202405
202405,364.11374763,紡織成衣及服飾品製造業,202405
202405,565.86539839,金屬製品製造業,202405
202405,5650.80309275,電子產品及電力設備製造業,202405
202405,467.20135267,非金屬礦物製品製造業,202405
202406,2482.42208299,化學材料及肥料製造業,202406
202406,1543.34770873,基本金屬製造業,202406
202406,365.55901476,塑膠製品製造業,202406
202406,274.801137,紙漿紙及紙製品製造業,202406
202406,345.48719891,紡織成衣及服飾品製造業,202406
202406,531.62025717,金屬製品製造業,202406
202406,5629.42098986,電子產品及電力設備製造業,202406
202406,477.37485003,非金屬礦物製品製造業,202406
202407,2546.47556167,化學材料及肥料製造業,202407
202407,1535.26484228,基本金屬製造業,202407
202407,390.76516694,塑膠製品製造業,202407
202407,289.458759,紙漿紙及紙製品製造業,202407
202407,371.14474632,紡織成衣及服飾品製造業,202407
202407,572.6663896,金屬製品製造業,202407
202407,5851.02618056,電子產品及電力設備製造業,202407
202407,481.36957334,非金屬礦物製品製造業,202407
202408,2354.60581463,化學材料及肥料製造業,202408
202408,1556.43796579,基本金屬製造業,202408
202408,403.48004552,塑膠製品製造業,202408
202408,288.541553,紙漿紙及紙製品製造業,202408
202408,383.03874668,紡織成衣及服飾品製造業,202408
202408,598.35380702,金屬製品製造業,202408
202408,5925.64002913,電子產品及電力設備製造業,202408
202408,468.38107568,非金屬礦物製品製造業,202408
202409,2408.6221199,化學材料及肥料製造業,202409
202409,1482.7640045,基本金屬製造業,202409
202409,370.0592897,塑膠製品製造業,202409
202409,272.076767,紙漿紙及紙製品製造業,202409
202409,359.00585358,紡織成衣及服飾品製造業,202409
202409,558.26795299,金屬製品製造業,202409
202409,5729.97837596,電子產品及電力設備製造業,202409
202409,464.79427452,非金屬礦物製品製造業,202409
202410,2379.93806795,化學材料及肥料製造業,202410
202410,1492.98443214,基本金屬製造業,202410
202410,364.26862823,塑膠製品製造業,202410
202410,279.318581,紙漿紙及紙製品製造業,202410
202410,344.93302881,紡織成衣及服飾品製造業,202410
202410,532.6512391,金屬製品製造業,202410
202410,5769.76068845,電子產品及電力設備製造業,202410
202410,449.40669179,非金屬礦物製品製造業,202410
202411,2323.69988902,化學材料及肥料製造業,202411
202411,1494.04691069,基本金屬製造業,202411
202411,373.54971665,塑膠製品製造業,202411
202411,274.943898,紙漿紙及紙製品製造業,202411
202411,320.65448555,紡織成衣及服飾品製造業,202411
202411,545.43182875,金屬製品製造業,202411
202411,5477.03399696,電子產品及電力設備製造業,202411
202411,443.35514348,非金屬礦物製品製造業,202411
202412,2328.59748416,化學材料及肥料製造業,202412
202412,1543.05952422,基本金屬製造業,202412
202412,367.75108091,塑膠製品製造業,202412
202412,284.635913,紙漿紙及紙製品製造業,202412
202412,335.22852028,紡織成衣及服飾品製造業,202412
202412,540.00426148,金屬製品製造業,202412
202412,5388.4466334,電子產品及電力設備製造業,202412
202412,478.86327428,非金屬礦物製品製造業,202412
202501,2270.10726155,化學材料及肥料製造業,202501
202501,1427.25665232,基本金屬製造業,202501
202501,314.19268821,塑膠製品製造業,202501
202501,254.127856,紙漿紙及紙製品製造業,202501
202501,294.4774765,紡織成衣及服飾品製造業,202501
202501,458.96668927,金屬製品製造業,202501
202501,5103.92514556,電子產品及電力設備製造業,202501
202501,462.37347005,非金屬礦物製品製造業,202501
202502,2066.27840363,化學材料及肥料製造業,202502
202502,1319.62996516,基本金屬製造業,202502
202502,318.9484699,塑膠製品製造業,202502
202502,243.157989,紙漿紙及紙製品製造業,202502
202502,284.09880916,紡織成衣及服飾品製造業,202502
202502,468.90509992,金屬製品製造業,202502
202502,4813.54367831,電子產品及電力設備製造業,202502
202502,373.66888076,非金屬礦物製品製造業,202502
202503,2303.37974657,化學材料及肥料製造業,202503
202503,1505.96714808,基本金屬製造業,202503
202503,358.59112094,塑膠製品製造業,202503
202503,267.483158,紙漿紙及紙製品製造業,202503
202503,320.93940164,紡織成衣及服飾品製造業,202503
202503,524.13100374,金屬製品製造業,202503
202503,5464.40976088,電子產品及電力設備製造業,202503
202503,467.61331893,非金屬礦物製品製造業,202503
202504,2278.02673815,化學材料及肥料製造業,202504
202504,1513.20300592,基本金屬製造業,202504
202504,349.75817962,塑膠製品製造業,202504
202504,262.126817,紙漿紙及紙製品製造業,202504
202504,309.04616639,紡織成衣及服飾品製造業,202504
202504,522.02158229,金屬製品製造業,202504
202504,5447.34348958,電子產品及電力設備製造業,202504
202504,466.74247061,非金屬礦物製品製造業,202504
202505,2432.02456644,化學材料及肥料製造業,202505
202505,1553.09230272,基本金屬製造業,202505
202505,371.57724285,塑膠製品製造業,202505
202505,279.295682,紙漿紙及紙製品製造業,202505
202505,312.75995521,紡織成衣及服飾品製造業,202505
202505,540.16917365,金屬製品製造業,202505
202505,5959.32293919,電子產品及電力設備製造業,202505
202505,481.02419118,非金屬礦物製品製造業,202505
202506,2382.18123275,化學材料及肥料製造業,202506
202506,1372.74161764,基本金屬製造業,202506
202506,371.43598514,塑膠製品製造業,202506
202506,262.991153,紙漿紙及紙製品製造業,202506
202506,311.74254196,紡織成衣及服飾品製造業,202506
202506,540.32329625,金屬製品製造業,202506
202506,5915.36129963,電子產品及電力設備製造業,202506
202506,470.34014726,非金屬礦物製品製造業,202506
202507,2432.26162191,化學材料及肥料製造業,202507
202507,1404.06502045,基本金屬製造業,202507
202507,382.91567262,塑膠製品製造業,202507
202507,277.529692,紙漿紙及紙製品製造業,202507
202507,323.71208104,紡織成衣及服飾品製造業,202507
202507,567.9599449,金屬製品製造業,202507
202507,6180.47557509,電子產品及電力設備製造業,202507
202507,476.96625023,非金屬礦物製品製造業,202507
202508,2378.45258329,化學材料及肥料製造業,202508
202508,1469.12541768,基本金屬製造業,202508
202508,374.29746412,塑膠製品製造業,202508
202508,262.921836,紙漿紙及紙製品製造業,202508
202508,323.59166019,紡織成衣及服飾品製造業,202508
202508,563.55361903,金屬製品製造業,202508
202508,6276.06323408,電子產品及電力設備製造業,202508
202508,476.60281861,非金屬礦物製品製造業,202508
202509,2329.78114397,化學材料及肥料製造業,202509
202509,1408.25948243,基本金屬製造業,202509
202509,363.78243749,塑膠製品製造業,202509
202509,272.063701,紙漿紙及紙製品製造業,202509
202509,315.49505081,紡織成衣及服飾品製造業,202509
202509,543.05405152,金屬製品製造業,202509
202509,6039.63227565,電子產品及電力設備製造業,202509
202509,463.46879628,非金屬礦物製品製造業,202509
202510,2356.57960901,化學材料及肥料製造業,202510
202510,1419.11078792,基本金屬製造業,202510
202510,362.7122129,塑膠製品製造業,202510
202510,282.552329,紙漿紙及紙製品製造業,202510
202510,303.40967049,紡織成衣及服飾品製造業,202510
202510,538.98732871,金屬製品製造業,202510
202510,6432.17046258,電子產品及電力設備製造業,202510
202510,458.18367007,非金屬礦物製品製造業,202510
202511,2254.19580057,化學材料及肥料製造業,202511
202511,1318.38900972,基本金屬製造業,202511
202511,342.23587858,塑膠製品製造業,202511
202511,263.382255,紙漿紙及紙製品製造業,202511
202511,284.54711008,紡織成衣及服飾品製造業,202511
202511,505.63615242,金屬製品製造業,202511
202511,6005.68096275,電子產品及電力設備製造業,202511
202511,433.24256938,非金屬礦物製品製造業,202511
202512,2252.19536629,化學材料及肥料製造業,202512
202512,1368.00194108,基本金屬製造業,202512
202512,352.00146049,塑膠製品製造業,202512
202512,275.344593,紙漿紙及紙製品製造業,202512
202512,288.02872882,紡織成衣及服飾品製造業,202512
202512,518.27838977,金屬製品製造業,202512
202512,5998.6820108,電子產品及電力設備製造業,202512
202512,465.28861307,非金屬礦物製品製造業,202512
